<library>
    <rentals>
        <books>
            <!-- A comment -->
            <book>
                <title>The Davinci Code</title>
                <author>Dan Brown</author>
                <description>A book</description>
                <rent_days>10</rent_days>
            </book>
            <book>
                <title>Game of Thrones</title>
                <author>George RR Martin</author>
                <description>Sweet book</description>
                <rent_days>5</rent_days>
            </book>
            <book>
                <title>Foundation</title>
                <author>Issac Asimov</author>
                <description>Space stuff</description>
                <rent_days>5</rent_days>
            </book>
        </books>

        <videos>
            <video>
                <title>Life on earth</title>
                <rent_days>5</rent_days>
            </video>
        </videos>
    </rentals>

    <users>
        <user username="admin" password="password"/>
    </users>
</library>
